;url;price;surface;nb_pieces;nb_chambres;lieu;prix_m2;date_publication;tag_1;tag_2;tag_3;description;tags;images_url
0;https://www.superimmo.com/annonces/achat-maison-85m-mont-de-marsan-40000-xwb8ws;197900;85;4;3;Mont-de-Marsan (40000);2328;14/07/2024;;;Barème d’honoraires : https://bareme.safti.fr/;"Dans un quartier résidentiel de Mont de Marsan, cette maison particulièrement bien entretenue est entièrement de plain-pied. Elle se compose d'une cuisine fermée, d'un vaste salon, de trois chambres toutes avec porte fenêtre, d'une salle d'eau et d'un WC séparé.
Un double garage avec porte électrique et aménagement buanderie, un abri jardin et un forage complètent se bien qui ne nécessite aucun travaux de gros œuvre mais juste un rafraichissement pour vous accueillir.
Les informations sur les risques auxquels ce bien est exposé sont disponibles sur le site Géorisques : www.georisques.gouv.fr
Prix de vente : 197 900 €
Honoraires charge vendeur
Contactez votre conseiller SAFTI : Marc LINOTTE, Tél. : 06 26 86 55 93, E-mail : - EI - Agent commercial immatriculé au RSAC de Mont-de-Marsan sous le numéro 905 386 058 - SAFTI – LINOTTE Marc, Conseiller indépendant
Afficher plus";['85 m² - 4 pièces - 3 chambres - ter. 648 m²', 'Année de construction : 1970', '1 wc', '', None, None, None, None, None, None, None, None, None, None, None, None, None, None, None, None];['https://photo.superimmo.com/k2ju3wndbbh4l6e4k60b1snuelpu', 'https://photo.superimmo.com/qhgkqnkfjflwll6m6gt36yb3senm', 'https://photo.superimmo.com/t04mha681hpmfcskegmiv8tx6ik3', 'https://photo.superimmo.com/skyvbe7fqjn9p7utwk36y47l5l91', 'https://photo.superimmo.com/l0mgo1q3ngne75av1v9j5abjrqwi', 'https://photo.superimmo.com/ag6rkbsuekw3a8rjjmccjazletod', None, None, None, None]
1;https://www.superimmo.com/annonces/achat-maison-95m-roquefort-40120-xwb8wd;243800;95;4;3;Roquefort (40120);2566;14/07/2024;10 Parkings;;Honoraires à la charge de l'acquéreur : 6% TTC - 13 800 € TTC inclus dans le prix de vente. Barème d’honoraires : https://www.human-immobilier.fr/Content/pdf/bareme_honoraires_human_immobilier.pdf;A 10 minutes de Roquefort, venez découvrir une ancienne maison de résinier avec son airial de près de 8000m². Agrandie et rénovée avec goût, elle offre 3 chambres, une agréable pièce à vivre avec sa cheminée d'époque. Un puits, un four à pain et une belle dépendance complètent ce bien.;"['95 m² - 4 pièces - 3 chambres - ter. 6 000 m²', '10 Parkings', ""1 salle d'eau"", '2 wc', None, None, None, None, None, None, None, None, None, None, None, None, None, None, None, None]";['https://photo.superimmo.com/66twza39125b94nyg8fdj42a6g3x', 'https://photo.superimmo.com/z9pzrq1vvocp43vj3a682726asc8', 'https://photo.superimmo.com/wg0eq856xd3z60047dkwuv43q956', 'https://photo.superimmo.com/oaokb07dfsm67flurtb93hcdk2db', 'https://photo.superimmo.com/l9cas8k0pigmajzp2408nfhf00q0', None, None, None, None, None]
2;https://www.superimmo.com/annonces/achat-maison-209m-roquefort-40120-xwb8vq;385075;209;5;4;Roquefort (40120);1842;14/07/2024;10 Parkings;;Honoraires à la charge de l'acquéreur : 5,5% TTC - 20 075 € TTC inclus dans le prix de vente. Barème d’honoraires : https://www.human-immobilier.fr/Content/pdf/bareme_honoraires_human_immobilier.pdf;Sur plus d'un hectare, au coeur de Roquefort, à l'abri des regards, nous vous proposons cette Landaise agrémentée d'une piscine, d'une dépendance transformée en gîte, et d'un double garage.;"['209 m² - 5 pièces - 4 chambres - ter. 13 991 m²', '10 Parkings', ""2 salles d'eau - 1 salle de bain"", '3 wc', None, None, None, None, None, None, None, None, None, None, None, None, None, None, None, None]";['https://photo.superimmo.com/f74x7b8iywfoe3tp4ydwg52t7m4c', 'https://photo.superimmo.com/8x4mvd06sz84a3cw1vtwaslr7lfi', 'https://photo.superimmo.com/5v7p9ekheogilfb9oc3sqrkjgndw', 'https://photo.superimmo.com/qoqq3qr23loz0s6fyrdfi962sg3b', 'https://photo.superimmo.com/k82fntoxmet42k1bg6y2xt395onc', None, None, None, None, None]
3;https://www.superimmo.com/annonces/achat-maison-113m-parentis-en-born-40160-xwb8vi;437800;113;6;4;Parentis-en-Born (40160);3874;14/07/2024;2 Parkings;;Honoraires à la charge de l'acquéreur : 4,99% TTC - 20 800 € TTC inclus dans le prix de vente. Barème d’honoraires : https://www.human-immobilier.fr/Content/pdf/bareme_honoraires_human_immobilier.pdf;Idéalement située entre lac et centre, maison contemporaine de 2019 comprenant cuisine équipée, séjour lumineux avec une triple exposition, 3 chambres dont 1 suite parentale et 1 bureau, sur une parcelle arborée de plus de 650 m² avec piscine. Accés plage et centre-ville en 5 minutes à vélo en toute securité par la piste cyclable.;"['113 m² - 6 pièces - 4 chambres - ter. 677 m²', '2 Parkings', ""1 salle d'eau - 1 salle de bain"", '2 wc', None, None, None, None, None, None, None, None, None, None, None, None, None, None, None, None]";['https://photo.superimmo.com/xji9g8rqyt3pzwut23nphakmhx8d', 'https://photo.superimmo.com/misc0hfbbyo1yfycyauh43styyjg', 'https://photo.superimmo.com/wfat8k3pph202tfq96caoiad6uht', 'https://photo.superimmo.com/dhr3e41j3n7q0phqdu0idb36xfh5', 'https://photo.superimmo.com/83a6pemew93ypdpb1m44igyrak2y', None, None, None, None, None]
4;https://www.superimmo.com/annonces/achat-maison-284m-castets-40260-xwb81e;789000;284;10;6;Castets (40260);2778;13/07/2024;;;Honoraires à la charge du vendeur. Barème d’honoraires : https://www.remax.fr/success;"A VENDRE PROPRIETE 9000 M2 CASTETS 40260
Propriété située à Castets (40260) à 15 kms de l'océan, tranquilité assurée, dans un parc arboré « airial » d'environ 9800 ares entièrement clôturé, avec chênes centenaires et pins anciens. Elle comprend deux maisons en parfait état totalisant 284m2 et un four à pain restauré. La maison principale de 145m2, dotée d'une terrasse couverte de 36m2 et donnant sur une piscine (14X5), se compose d'un grand salon-séjour avec haut plafond style cathédrale comportant une cheminée avec insert et des placards de rangement, une cuisine meublée avec éléments en chêne, 4 chambres dont une avec cheminée, 2 salles de bains, une pièce avec un spa pour 3 personnes pratiquement neuf, une cave de 52m2. Vous apprécierez la très belle vue sur le parc avec les 11 paires de baies vitrées.
La deuxième maison est une ancienne bergerie entièrement restaurée de138m2 avec une très belle charpente en pin et chêne massif. Elle comporte un séjour carrelé intégrant une cuisine, 2 chambres, une salle de bains avec douche et WC, toitre et murs isolé, également une terrasse couverte pouvant faire garage.
Cette magnifique propriété mérite une visite ! REF 1141
Honoraires à la charge du vendeur.
Les informations sur les risques auxquels ce bien est exposé sont disponibles sur le site Géorisques : www.georisques.gouv.fr .
Afficher plus";['284 m² - 10 pièces - 6 chambres - ter. 9 800 m²', 'Garage', 'Année de construction : 2006', '3 salles de bain', '3 wc', '', None, None, None, None, None, None, None, None, None, None, None, None, None, None];['https://photo.superimmo.com/vqwpsfnh27c9mmimnpg9njcydavf', 'https://photo.superimmo.com/6qdryjlm423s4vajupw8fm82q44v', 'https://photo.superimmo.com/1brdmp0s8vh70b5pzipaphb1va1f', 'https://photo.superimmo.com/4w4mavbmwc4q4056yoa0pyq2hnak', 'https://photo.superimmo.com/3f2dj6inqyl8b0mhqj5jnjvwc9it', None, None, None, None, None]
5;https://www.superimmo.com/annonces/achat-appartement-40m-capbreton-40130-xwb808;260000;40;2;1;Capbreton (40130);6500;13/07/2024;Exclusivité;Balcon;Barème d’honoraires : https://welmo.fr/;"Welmo, l'agence immobilière en ligne, vous présente :
CAPBRETON - 40130 - PLAGE SANTOCHA - 2 PIECES - 40 m2 - TERRASSE 30m2 - TRAVERSANT - DPE C - PISCINE
Vous souhaitez visiter ce bien ? Planifiez directement une visite sur le site Welmo avec la référence : rkxD9vZgOA
Surfeurs et amis de l’océan découvrez cette opportunité à ne pas manquer !
Situé en bordure des plages du Santocha et du Prévent, au coeur d’une résidence sécurisée avec piscine, je vous présente ce charmant appartement TRAVERSANT et parfaitement RENOVÉ avec sa GRANDE TERRASSE PRIVATIVE !
D’une surface carrez de 36,73m2, l’entrée dans les lieux se fait par un PATIO VITRÉ de de près de 5m2.
Vous disposerez ensuite d’une ENTRÉE menant à une petite CHAMBRE ainsi qu’à une SALLE D’EAU moderne avec WC suspendus.
Côté jour, sur une surface de 22,67m2 vous trouverez une CUISINE EQUIPÉE et ouverte sur un SALON BAIGNÉ DE LUMIÈRE, grâce à ses deux ouvertures orientées SUD-OUEST, vous profiterez d’une importante LUMINOSITÉ et du soleil d’après-midi.
Une VERANDA de près de 5m2 laisse ensuite place à la GRANDE TERRASSE PRIVATIVE de 30m2, baignée de SOLEIL idéale pour partager des moments conviviaux avec vos proches !
Entièrement RÉNOVÉ cet appartement bénéficie d’un très bon DPE C vous garantissant une bonne performance énergétique et une faible consommation. Vous apprécierez sa LUMINOSITÉ et l’OPTIMISATION DES ESPACES.
En complément vous bénéficiez d’une PLACE de PARKING extérieure et PRIVATIVE et d’un accès à la PISCINE PRIVÉE de la résidence.
Situé à 50m de la plage, vous il ne vous faudra que quelques minutes pour vous jeter à l’eau pour une session de surf et craquer pour ce petit cocon.
Nombre de lots : 91
Charges prévisionnelles annuelles : 1320 €
DPE réalisé après Juillet 2021
Welmo, commission de 3.5 % à la charge de l'acquéreur incluse dans le prix de vente affiché
La présente annonce immobilière a été rédigée par Angélique Thépaut-Calvez, agent commercial de la SAS WELMO France, immatriculé au RSAC de DAX sous le numéro 922289038
Les informations sur les risques auxquels ce bien est exposé sont disponibles sur le site Géorisques : www.georisques.gouv.fr
Afficher plus";['40 m² - 2 pièces - 1 chambre', 'Rez-de-chaussée', 'Orientation : Est / Ouest', 'Balcon', 'Terrasse - Veranda', 'Chauffage individuel électrique', 'Copropriété de 91 lots', '', None, None, None, None, None, None, None, None, None, None, None, None];['https://photo.superimmo.com/isjd6bnw7gjxgjzvxcbmfcxps95z', 'https://photo.superimmo.com/jtpqbjei19km66c5v9r6y5ytgmk8', 'https://photo.superimmo.com/xbuljaopvszikbtuh7xt9m9fec2b', 'https://photo.superimmo.com/58h837ribdu3zikcnn00qbt6fuhi', 'https://photo.superimmo.com/cupq23u61q80enz07rdr9ywsmway', None, None, None, None, None]
6;https://www.superimmo.com/annonces/achat-maison-110m-saint-vincent-de-paul-40990-xwb7ca;339000;110;4;3;Saint-Vincent-de-Paul (40990);3082;13/07/2024;Exclusivité;Terrasse;Honoraires à la charge du vendeur. Barème d’honoraires : https://telemaque.orpi.coop/agence/4802/bareme.pdf;"Au centre de SAINT VINCENT DE PAUL !!!!!
Proche écoles, boulangerie, pharmacie et commerces de proximité.
Agréable maison contemporaine de plain pied, trois chambres, de 110m².
Séjour, salle à manger ouvrant sur une terrasse couverte à l'abri des regards, cuisine aménagée et équipée, salle de bains.
Les plus ? Un garage attenant, une belle piscine chauffée, sécurisée et un système de chauffage dernier cri avec une climatisation réversible.
Ne tardez plus pour visiter cette maison en excellent état.
Référence agence : 8559";"['Disponible immédiatement', '110 m² - 4 pièces - 3 chambres - ter. 684 m²', '1 niveau', 'Piscine', 'Parking couvert', 'Terrasse', 'Chauffage: pompe à chaleur', 'Climatisation', ""1 salle d'eau - 1 salle de bain"", '1 wc', 'Jardin privatif', 'Fenêtres double vitrage', None, None, None, None, None, None, None, None]";['https://photo.superimmo.com/4x3w3j80vmvf8jwkgd5u7gtkmum0', 'https://photo.superimmo.com/4mlwl9vim3pofl0lvhacliodq75x', 'https://photo.superimmo.com/21cptth0w6nt5k2h3hqqsz8z6jq0', 'https://photo.superimmo.com/9ow9flo9xex8e5cgfeh062xn6abd', 'https://photo.superimmo.com/lndts0fy4ai1jrgl8l4j6m5sckur', None, None, None, None, None]
7;https://www.superimmo.com/annonces/achat-maison-212m-labenne-40530-xwb7c9;596000;212;8;6;Labenne (40530);2811;13/07/2024;Terrasse;Chauffage au gaz;Honoraires à la charge du vendeur. Barème d’honoraires : https://telemaque.orpi.coop/agence/329/bareme.pdf;"Maison d'habitation de plus de 200 m² sur deux niveaux . Entre le marais d'Orx et le centre ville de Labenne , proche de toutes les commodités , cette maison offre une qualité de vie grâce à ses nombreuses pièces. Aujourd'hui deux appartements T4 avec possibilité de créer une grande maison !
Grande piscine avec liner neuf. Hangar pouvant être transformé en habitation.
Référence agence : 2932";"['Disponible immédiatement', '212 m² - 8 pièces - 6 chambres - ter. 1 020 m²', '2 niveaux', 'Piscine', 'Parking extérieur', 'Terrasse', 'Chauffage au gaz', ""2 salles d'eau"", '2 wc', 'Jardin privatif', 'Fenêtres double vitrage', 'Cheminée', 'Copropriété de 2 lots', '', None, None, None, None, None, None]";['https://photo.superimmo.com/1xbuuf90bb4j2bwhpzjxf2ig2can', 'https://photo.superimmo.com/wd9ib6z3486kfmfgpp0dkb8q6xlm', 'https://photo.superimmo.com/eebyc2o6iedxvplm1vpvay1exjlx', 'https://photo.superimmo.com/79s4xhlm8prgluaezjy54nb21a6j', 'https://photo.superimmo.com/be5d5bppfhqj9p6x42csyj5rk5nq', None, None, None, None, None]
8;https://www.superimmo.com/annonces/achat-maison-124m-vieux-boucau-les-bains-40480-xwb7c8;510000;124;5;4;Vieux-Boucau-les-Bains (40480);4113;13/07/2024;Exclusivité;Meublée;Honoraires à la charge de l'acquéreur : 5% TTC - 24 285,71 € TTC inclus dans le prix de vente - Prix hors honoraires : 485 714,29 €. Barème d’honoraires : https://telemaque.orpi.coop/agence/330/bareme.pdf;"Maison À Vendre À Soustons Plage, Landes Avec Jardin et Terrasse
Découvrez cette charmante maison construite en 1980, offrant une surface de 124 m². Située dans un quartier calme, proche du golf et de la plage, cette propriété est idéale pour des vacances en famille ou pour accueillir vos amis. En bon état, elle se compose de 4 chambres et de 2 salles d'eau, ainsi qu'un spacieux salon. Profitez d'un agréable jardin et d'une belle terrasse pour vos moments de détente en extérieur. DPE en cours.
Contactez-nous pour plus d'informations ou pour planifier une visite dès aujourd'hui.
Référence agence : 4241";"['Disponible immédiatement', '124 m² - 5 pièces - 4 chambres - ter. 500 m²', '2 niveaux', 'Terrasse', 'Chauffage électrique', ""2 salles d'eau"", '2 wc', 'Jardin privatif', 'Fenêtres double vitrage', 'Cheminée', None, None, None, None, None, None, None, None, None, None]";['https://photo.superimmo.com/01ygyj7vf9g2i5i3fqx6bq60a6qn', 'https://photo.superimmo.com/77tp9aki8iq78ej48eve73wyvlbo', 'https://photo.superimmo.com/4c2lbnfx0km5uxc4vyz4mxynl3in', 'https://photo.superimmo.com/hjf40088b3z7k4z7j3c8tn5yaxsr', 'https://photo.superimmo.com/ffb61b900htluwingcelw8wfrit6', None, None, None, None, None]
9;https://www.superimmo.com/annonces/achat-maison-122m-soustons-40140-xwb752;585000;122;5;2;Soustons (40140);4795;13/07/2024;;;Honoraires à la charge du vendeur. Barème d’honoraires : http://assets.digitregroup.io/capifrance/capifrance_baremes_2022-B.pdf;"Maison Exceptionnelle avec Vue Imprenable sur le Lac de Soustons.
Découvrez cette somptueuse villa située au bord du lac, entièrement rénovée et offrant des prestations de haute qualité cette maison traditionnelle de type T4, d'une surface habitable de 95 m², se distingue par ses espaces lumineux et aérés, et par une vue à couper le souffle sur le lac de Soustons.
L'entrée de la maison s'ouvre sur un vaste séjour cathédral baigné de lumière naturelle, agrémenté d'une cuisine ouverte, équipée et aménagée avec soin, l'îlot central invite aux moments conviviaux en famille ou entre amis.
La maison comprend deux chambres avec rangements intégrés, une salle d'eau moderne et des WC séparés avec lave-main.
La suite parentale est un véritable havre de paix, dotée d'un dressing, d'une salle de bain privative avec WC, et surtout, d'une vue imprenable sur le lac, garantissant des réveils enchantés.
Le terrain de 701 m² est entièrement clôturé et offre un grand jardin piscinable, parfait pour les journées ensoleillées.
La terrasse de 55 m², idéale pour les repas en plein air, vous permet de profiter pleinement de la beauté naturelle environnante, un local de rangement et carport.
De plus, une deuxième maison de 27 m² indépendante avec accès indépendant de type T2, actuellement louée 507 euros par mois jusqu'à mi-mars 2025, offre un excellent potentiel de revenus ou de logement pour des invités.
Cette demeure est équipée des dernières technologies pour un confort optimal : climatisation réversible gainable, chauffe-eau thermodynamique, menuiseries en aluminium avec volets roulants électriques solaires, pompe à chaleur, et toiture récente avec pare-pluie.
Aucune dépense supplémentaire n'est à prévoir, tout a été pensé pour votre confort.
Située à proximité des commodités, des pistes cyclables et des écoles, cette maison offre un cadre de vie idyllique pour les familles ou les amoureux de la nature.
Le lac de Soustons, avec ses panoramas époustouflants, devient le théâtre de vos moments de détente et d'évasion.
Ne manquez pas l'opportunité d'acquérir cette villa exceptionnelle, alliant charme, modernité et emplacement privilégié. Venez découvrir cette maison qui saura sans nul doute devenir votre coup de cœur.
Contactez-moi 7/7 dès maintenant pour organiser une visite et laissez-vous séduire par cette perle rare au bord du lac de Soustons. Les honoraires sont à la charge du vendeur.
Les informations sur les risques auxquels ce bien est exposé sont disponibles sur le site Géorisques : www. georisques. gouv. fr.
Réseau Immobilier CAPIFRANCE - Votre agent commercial (RSAC N°831 457 940 - Greffe de DAX) Myriam SLUNJSKI Entrepreneur Individuel 06 44 19 79 45 - Plus d’informations sur le site de CAPIFRANCE (réf.866158)
Afficher plus";"['Disponible immédiatement', '122 m² - 5 pièces - 2 chambres - ter. 701 m²', ""1 salle d'eau - 1 salle de bain"", '', None, None, None, None, None, None, None, None, None, None, None, None, None, None, None, None]";['https://photo.superimmo.com/g5cx706q896ffu24zuezg7allfmt', 'https://photo.superimmo.com/gzxufyo18y4muc84e8ymp1vqrl9h', None, None, None, None, None, None, None, None]
10;https://www.superimmo.com/annonces/achat-appartement-62m-saint-paul-les-dax-40990-xwb73z;250000;62;3;;Saint-Paul-lès-Dax (40990);4032;13/07/2024;Exclusivité;;Honoraires à la charge du vendeur. Barème d’honoraires : http://assets.digitregroup.io/capifrance/capifrance_baremes_agence_B2024-A.pdf;"Appartement dans la résidence ""Les jardins des acacias"" au RDC avec jardin au calme
Description de l'appartement :
- Entrée avec penderie
- Chambres : 2 grandes chambres 11m² et 15 m² avec de grands placards aménagés avec sol en parquet
- Salon : Une baie vitrée donnant sur une belle terrasse de 12 m² et un jardin de 40 m²
- Cuisine : Belle cuisine aménagée IKEA avec beaucoup de rangements, hotte, plaque de cuisson
- Salle d'eau avec une douche carrelée et baie vitrée, un vasque
- WC indépendant avec chaudière gaz basse consommation et son emplacement pour lave-linge
Le plan de l'appartement joint avec les photos
Caractéristiques supplémentaires :
- Places de parking : 2 places de parking (une à l'extérieur à côté de l'appartement et une dans un parking couvert sécurisé)
- Accessibilité : Appartement prévu pour des Personnes à Mobilité Réduite (PMR)
- Localisation : A 5 mn du Lac de Christus, son casino et de sa cure thermale
Investissement :
- Possibilité d'investissement locatif pour les cures thermales
Contact :
- Possibilité d'obtenir des photos complémentaires
- Pour une visite, veuillez m'appeler au 06.85.70.11.31
. Les honoraires sont à la charge du vendeur.
Les informations sur les risques auxquels ce bien est exposé sont disponibles sur le site Géorisques : www. georisques. gouv. fr.
Réseau Immobilier CAPIFRANCE - Votre agent commercial (RSAC N°899 773 162 - Greffe de BORDEAUX) Eric DUCATEAU Entrepreneur Individuel 06 85 70 11 31 - Plus d’informations sur le site de CAPIFRANCE (réf.866904)
Afficher plus";['Disponible immédiatement', '62 m² - 3 pièces', 'Copropriété de 29 lots', '', None, None, None, None, None, None, None, None, None, None, None, None, None, None, None, None];['https://photo.superimmo.com/dbferxsmqmsl8y61hu7y625iuv7c', 'https://photo.superimmo.com/ec5hvmphwkztax8ese8us6qtvsm1', 'https://photo.superimmo.com/yf3osy0zdpwdmzmab4zfhrcsw5vo', 'https://photo.superimmo.com/x2t15epiwxs54nbmq2zwb56oyedl', 'https://photo.superimmo.com/y2imqkjx47y0dpmahhrtsq156gdp', None, None, None, None, None]
11;https://www.superimmo.com/annonces/achat-maison-85m-morcenx-la-nouvelle-40110-xwb508;109000;85;4;3;Morcenx-la-Nouvelle (40110);1282;13/07/2024;Exclusivité;Terrasse;Honoraires à la charge du vendeur. Barème d’honoraires : https://photo.superimmo.com/bareme/90615/lesca-immobilier_90615.PDF;"REF. 2212SI - Maison indépendante de plain-pied située dans une rue calme de MORCENX-LA-NOUVELLE, à proximité immédiate des sentiers pédestres et de tous commerces et services. Elle est à rénover et comprend une entrée, séjour / salle à manger de 28 m² avec poêle à bois, cuisine, buanderie, 3 chambres, salle d'eau, WC séparé. Garage attenant de 28 m² environ. L'ensemble sur 615 m² de terrain clôturé.
Principale ou secondaire, c'est la résidence idéale pour donner vie à votre projet immobilier. Cette maison, bien qu'à rénover, représente une opportunité pour un bricoleur averti. Avec un peu de travail et de créativité, vous pourrez lui redonner tout son caractère et la transformer en un véritable cocon. Son prix : 109 000 euros.";"['85 m² - 4 pièces - 3 chambres - ter. 615 m²', 'Orientation : Est / Ouest', 'Sans vis-à-vis', '1 Garage', 'Terrasse', 'Cuisine séparée, aménagée : 9 m²', 'Séjour de 28 m²', ""1 salle d'eau"", 'Wc séparé - 1 wc', 'Buanderie', 'Jardin', 'Cheminée', None, None, None, None, None, None, None, None]";['https://photo.superimmo.com/bclb49pmlfr7zjojywxso1467zm1', 'https://photo.superimmo.com/6u7kinntmr1wbrki1d9dze3e7c6h', 'https://photo.superimmo.com/rohvrqs6vswemkjfk7rxdwiy1tmn', 'https://photo.superimmo.com/9fp9hslxvm5vqs7i72y1ttohpexq', 'https://photo.superimmo.com/sswfhx9b0rdbyy51nfdm8dg6bfz2', None, None, None, None, None]
12;https://www.superimmo.com/annonces/achat-maison-250m-sainte-eulalie-en-born-40200-xwb4i2;675000;250;7;5;Sainte-Eulalie-en-Born (40200);2700;13/07/2024;Exclusivité;;Barème d’honoraires : https://bareme.safti.fr/;"En exclusivité, venez découvrir cette superbe propriété!
Située dans la charmante commune de Sainte-Eulalie-en-Born (40200), à seulement 1 km à pieds du lac de Mimizan, cette propriété offre un cadre idéal pour les amoureux de la nature et de la tranquillité.
Nichée sur un terrain de 4300 m², cette maison bénéficie d'un environnement paisible tout en étant à proximité des commodités locales et à quelques kilomètres des plages de la côte Atlantique, offrant ainsi un équilibre parfait entre vie rurale et activités balnéaires.
Superbe rénovation d'une ancienne propriété d'une surface totale de 250 m² offrant 5 chambres, 5 toilettes et 5 salles de bain.
- La maison principale de 200 m² réhabilitée en maison d'hôtes avec beaucoup de goût et de matériaux de qualité dispose de 4 chambres, toutes équipées de salles d'eau ou de salle de bains et de wc, d'une belle pièce de vie avec cuisine ouverte et d'une buanderie.
Une climatisation réversible ainsi qu'un poêle a bois ont été installés pour un confort optimal.
- Une grange partiellement rénovée d'une surface de 140 m² abrite un gite de 53 m² avec une pièce de vie, une cuisine ouverte, une chambre, une salle d'eau et un wc.
Il dispose également de sa terrasse privative.
Les annexes comprennent un garage de 50 m² et une dépendance de 37 m².
Une piscine de 4x8 avec traitement aux UV complète ce bien d'exception offrant un cadre de vie confortable et convivial au cœur d'un environnement naturel préservé.
Les informations sur les risques auxquels ce bien est exposé sont disponibles sur le site Géorisques : www.georisques.gouv.fr
Prix de vente : 675 000 €
Honoraires charge vendeur
Contactez votre conseiller SAFTI : Stéphanie CARTEAU, Tél. : 06 13 67 55 78, E-mail : - EI - Agent commercial immatriculé au RSAC de BORDEAUX sous le numéro 790 792 964 - SAFTI – CARTEAU Stéphanie, Conseiller indépendant
Afficher plus";['250 m² - 7 pièces - 5 chambres - ter. 4 300 m²', 'Année de construction : 1850', '5 wc', '', None, None, None, None, None, None, None, None, None, None, None, None, None, None, None, None];['https://photo.superimmo.com/b3b193k9arfdho60wt4aawtdwstb', 'https://photo.superimmo.com/u3cclfchzpo2rk1kmyslchm3m2du', 'https://photo.superimmo.com/kl112a5sf1r88w5vr57ibi47f3ei', 'https://photo.superimmo.com/636jtjk96vb545sp73lgnziejodx', 'https://photo.superimmo.com/izm1taezqn6uanvixcg555r29n9u', None, None, None, None, None]
13;https://www.superimmo.com/annonces/achat-maison-85m-ychoux-40160-xwb4g6;256684;52;4;3;Ychoux (40160);3001;13/07/2024;Exclusivité;2 Parkings;Honoraires à la charge du vendeur. Barème d’honoraires : https://media.immo-facile.com/segments/immo/catalog/images/manufacturers_bareme/92324.pdf;A découvrir sans plus attendre cette contemporaine de 2017 située dans un quartier résidentiel calme et proche de toutes commodités. Elle se compose d'une entrée avec un salon / séjour/ une cuisine, un dégagement desservant trois chambres, une salle de bain et un WC indépendant. Le tout sur une parcelle de 684m² A découvrir sans plus attendre !!;"['85,52 m² - 4 pièces - 3 chambres - ter. 673 m²', 'Plain-pied', '2 Parkings', 'Année de construction : 2017', ""Assainissement : tout à l'égout"", 'Séjour de 37 m²', '1 salle de bain', '1 wc', 'Fenêtres double vitrage, en pvc', '', None, None, None, None, None, None, None, None, None, None]";['https://photo.superimmo.com/e8fr2c7qecifqeoebyfjbrun3nmg', 'https://photo.superimmo.com/7de1mm5r6foj08fddjpu72tgbqk5', 'https://photo.superimmo.com/ckdh0508umxm3b1ii3kfeotdagh5', 'https://photo.superimmo.com/cvvitxldmyzevhbx72lrq1ge6c8t', 'https://photo.superimmo.com/si323v36z0yqqxffteni2fuv0ixc', None, None, None, None, None]
14;https://www.superimmo.com/annonces/achat-maison-180m-commensacq-40210-xwb4g5;350000;180;;4;Commensacq (40210);1944;13/07/2024;Terrasse;1 garage - 5 parkings;Barème d’honoraires : https://media.immo-facile.com/segments/immo/catalog/images/manufacturers_bareme/92324.pdf;Charmante maison de style Landaise de 1986 située dans un quartier calme d'une surface d'environ 180 m2, elle comprend une cuisine ,une suite parentale au rez-de-chaussée, trois chambres à l'étage sur un terrain de plus de 1200 m2 entièrement clos avec son portail électrique Cette maison avec son charme landais est prête à vous accueillir. La piscine couverte par son dôme, le double garage qui peut être aménagé en appartement indépendant et les équipements énergétiques modernes qui allie confort et économie d'énergie grâce à ses panneaux photovoltaïques. Pompe à chaleur air/eau et une isolation supérieure avec sa construction en brique double peau. je ne vous en dis pas plus venez la découvrir Contactez nous au 05 58 78 23 89;"['180 m² - 4 chambres - ter. 1 277 m²', 'Piscine', '1 garage - 5 parkings', 'Terrasse', 'Année de construction : 1986', 'Climatisation', 'Séjour de 36 m²', ""2 salles d'eau"", '2 wc', 'Fenêtres survitrage', None, None, None, None, None, None, None, None, None, None]";['https://photo.superimmo.com/j6qnv6l1cjhjc5n15xatla2rbtr9', 'https://photo.superimmo.com/5fidpp0lva50125kq8ibvq2u0e13', 'https://photo.superimmo.com/9qevg87mlc7gxe1l8k8yo7bj2vd9', 'https://photo.superimmo.com/3jru8is41o3enhfwcdphhqh49cc5', 'https://photo.superimmo.com/8vnfd54nld2kcfzqbikdzg1zb660', None, None, None, None, None]
15;https://www.superimmo.com/annonces/achat-maison-167m-ychoux-40160-xwb4fz;465000;167;;2;Ychoux (40160);2784;13/07/2024;Terrasse;1 garage - 2 parkings;Honoraires à la charge du vendeur. Barème d’honoraires : https://media.immo-facile.com/segments/immo/catalog/images/manufacturers_bareme/92324.pdf;"Au coeur d'un quartier paisible d' ychoux se cache une véritable pépite immobilière, une maison qui résonne comme un véritable ""coup de coeur"". Dès que vous franchissez le seuil, vous entrez dans une atmosphère chaleureuse et accueillante, prête à vous envelopper de bien-être. Cette maison vous offre un espace de vie généreux, parfaitement agencé pour répondre à tous vos besoins. Avec ses 2 chambres dont une de 23 m2 pouvant être séparer en deux , cette maison vous invite à la sérénité et au confort. Imaginez vous préparant de délicieux repas dans la cuisine américaine entièrement équipée, pendant que vos proches se détendent dans le lumineux salon-salle à manger de 50 m², Et avec un terrain spacieux de 1000 m², ou vous y trouverez une piscine Pour compléter ce tableau idyllique, un garage de 20 m² avec son cellier le petit plus de cette maison un T2 indépendant pour y recevoir amis ou famille ou un revenu locatif intéressent Que ce soit pour établir votre résidence principale ou pour créer une résidence secondaire où vous pourrez vous ressourcer en famille et entre amis, cette maison représente l'endroit parfait pour écrire de nouveaux chapitres de votre vie. Ne laissez pas passer cette occasion unique de réaliser vos rêves immobiliers. Contactez nous dès aujourd'hui pour organiser une visite et laissez vous séduire par le charme incontestable de cette maison à ychoux.
Afficher plus";"['167 m² - 2 chambres - ter. 1 004 m²', 'Plain-pied', 'Piscine', '1 garage - 2 parkings', 'Terrasse', ""Assainissement : tout à l'égout"", 'Climatisation', 'Séjour de 47 m²', ""2 salles d'eau"", '2 wc', 'Fenêtres double vitrage, en pvc', '', None, None, None, None, None, None, None, None]";['https://photo.superimmo.com/kplpgetmyk8onh85flbqxu50x94d', 'https://photo.superimmo.com/0e04qtf9fa9hlkm37gpdpryklrwz', 'https://photo.superimmo.com/y42v77s7bwknrx33ceww8ds20e9d', 'https://photo.superimmo.com/pfaez91tew3e2vu3szgj1gu2bld1', 'https://photo.superimmo.com/q2ruh5dcpjdbmcf26q4zc7gvoqeq', None, None, None, None, None]
16;https://www.superimmo.com/annonces/achat-maison-155m-moliets-et-maa-40660-xwb4bw;918000;155;6;5;Moliets-et-Maa (40660);5923;13/07/2024;Piscine;;Honoraires à la charge du vendeur. Barème d’honoraires : https://media.immo-facile.com/segments/immo/catalog/images/manufacturers_bareme/372719.pdf;Dans un environnement préservé, la plage des chênes lièges à pied, cette maison sans vis à vis vous offre, grâce à ses grands volumes, la possibilité de réunir tous vos amis et votre famille. La pièce à vivre de plus de 60m² est le centre de la maison. Elle distribue deux belles suites avec salles d'eau privatives rénovées avec goût et un espace nuit composé de 2 autres chambres avec une salle d'eau. Des amis arrivent sans prévenir ? Pas de soucis, la mezzanine vous permettra de coucher 2 personnes supplémentaires confortablement grâce à une salle de bains privative. Une grande piscine et sa terrasse bois, un espace détente extérieur et un garage complètent cette maison de rêve qui n'attend que vous !;"['155 m² - 6 pièces - 5 chambres - ter. 1 029 m²', 'Plain-pied', 'Piscine', 'Année de construction : 2001', ""Assainissement : tout à l'égout"", 'Séjour de 60 m²', ""4 salles d'eau"", '3 wc', 'Fenêtres double vitrage', '', None, None, None, None, None, None, None, None, None, None]";['https://photo.superimmo.com/41aep0p31hj9cfi6tadi3if6lkw7', 'https://photo.superimmo.com/1zafeb7n3mcuz0hkc247nldhuwdo', 'https://photo.superimmo.com/asnpxd5pewmp25n0nf397cxliefq', 'https://photo.superimmo.com/4qm4l2iyuyevvalcmq6m9a2gat12', 'https://photo.superimmo.com/10fllg4zpmszdqb590emhwlm4ln2', None, None, None, None, None]
17;https://www.superimmo.com/annonces/achat-maison-43m-capbreton-40130-xwb4bf;475000;34;3;2;Capbreton (40130);10960;13/07/2024;;;Honoraires à la charge du vendeur. Barème d’honoraires : https://media.immo-facile.com/segments/immo/catalog/images/manufacturers_bareme/36189.pdf;"A seulement 200 mètres de la plage et du port, niché dans le prestigieux triangle d'or, découvrez ce charmant appartement rénové de 44m2, sur deux niveaux. Ce bien offre de beaux volumes, un extérieur d'environ 75m², une belle luminosité et le cachet de l'ancien ! Au rez-de-chaussée, vous trouverez une cuisine aménagée, une salle à manger conviviale avec une baie à galandage qui ouvre sur l'extérieur, ainsi qu'un WC. A l'étage, deux chambres dotées de placards et une salle d'eau bien agencée complète ce niveau. L'extérieur de cette propriété ne manque pas de charme avec une cour de 75m2, idéale pour profiter des douces journées en plein air. De plus, la possibilité de garer une petite voiture ajoute une touche pratique et sécurisée à votre quotidien. Un espace de rangement extérieur vient compléter cet ensemble, offrant une solution astucieuse pour organiser vos effets personnels. N'hésitez pas à nous contacter pour de de plus amples renseignements, ou pour organiser une visite. Copropriété de 4 lots (Pas de procédure en cours). Charges annuelles : 120 euros.
Afficher plus";"['43,34 m² - 3 pièces - 2 chambres - ter. 75 m²', ""Assainissement : tout à l'égout"", ""1 salle d'eau"", '1 wc', 'Fenêtres en aluminium, vitrage mixte, en pvc', 'Copropriété de 4 lots', None, None, None, None, None, None, None, None, None, None, None, None, None, None]";['https://photo.superimmo.com/tqrbap4j0nk2ujhjgmxfd0l4gajp', 'https://photo.superimmo.com/m2idaao676si8q1n0qofeg21bj6k', 'https://photo.superimmo.com/ejofvrj5c4vzocln412lje56js75', 'https://photo.superimmo.com/155ff01p48se6e65ceo1x08qaij0', 'https://photo.superimmo.com/ua6stradtlvm8ryzt4i465n76voi', None, None, None, None, None]
18;https://www.superimmo.com/annonces/achat-appartement-43m-capbreton-40130-xwb4be;475000;34;3;2;Capbreton (40130);10960;13/07/2024;Exclusivité;;Honoraires à la charge du vendeur. Barème d’honoraires : https://media.immo-facile.com/segments/immo/catalog/images/manufacturers_bareme/36189.pdf;"A seulement 200 mètres de la plage et du port, niché dans le prestigieux triangle d'or, découvrez ce charmant appartement rénové de 44m2, sur deux niveaux. Ce bien offre de beaux volumes, un extérieur d'environ 75m², une belle luminosité et le cachet de l'ancien ! Au rez-de-chaussée, vous trouverez une cuisine aménagée, une salle à manger conviviale avec une baie à galandage qui ouvre sur l'extérieur, ainsi qu'un WC. A l'étage, deux chambres dotées de placards et une salle d'eau bien agencée complète ce niveau. L'extérieur de cette propriété ne manque pas de charme avec une cour de 75m2, idéale pour profiter des douces journées en plein air. De plus, la possibilité de garer une petite voiture ajoute une touche pratique et sécurisée à votre quotidien. Un espace de rangement extérieur vient compléter cet ensemble, offrant une solution astucieuse pour organiser vos effets personnels. N'hésitez pas à nous contacter pour de de plus amples renseignements, ou pour organiser une visite. Copropriété de 4 lots (Pas de procédure en cours). Charges annuelles : 120 euros.
Afficher plus";"['43,34 m² - 3 pièces - 2 chambres - ter. 75 m²', 'Rez-de-chaussée', ""Assainissement : tout à l'égout"", ""1 salle d'eau"", '1 wc', 'Fenêtres en aluminium, vitrage mixte, en pvc', 'Copropriété de 4 lots', '', None, None, None, None, None, None, None, None, None, None, None, None]";['https://photo.superimmo.com/tqrbap4j0nk2ujhjgmxfd0l4gajp', 'https://photo.superimmo.com/m2idaao676si8q1n0qofeg21bj6k', 'https://photo.superimmo.com/jkkdcewr7azsgb2slfhmww2dfwjy', 'https://photo.superimmo.com/155ff01p48se6e65ceo1x08qaij0', 'https://photo.superimmo.com/ua6stradtlvm8ryzt4i465n76voi', None, None, None, None, None]
19;https://www.superimmo.com/annonces/achat-maison-103m-solferino-40210-xwb4ai;150500;103;4;3;Solférino (40210);1461;13/07/2024;;;Honoraires à la charge du vendeur.;Située sur la commune de Solférino, venez découvrir cette charmante maison de plain pied, d'une surface de 103m2. Un salon/salle à manger lumineux avec un accès sur la terrasse couverte. Une cuisine indépendante avec un grand cellier attenant. Trois chambres, une salle de bains ainsi qu'un WC indépendant. Des travaux sont à prévoir. A l'extérieur, un terrain clos d'une superficie de 800m2. Ne ratez pas cette bonne affaire, et contactez nous vite pour une visite.;['103 m² - 4 pièces - 3 chambres - ter. 800 m²', 'Plain-pied', 'Année de construction : 1950', '1 salle de bain', '1 wc', 'Fenêtres double vitrage', None, None, None, None, None, None, None, None, None, None, None, None, None, None];['https://photo.superimmo.com/1whov35yd0uukn3fuojf9wrvn7qz', 'https://photo.superimmo.com/34sxq7i5ir64wp1hydejod76enej', 'https://photo.superimmo.com/1ktwiyhaoqlecz4p5rhpvwr4884g', 'https://photo.superimmo.com/yziakbiwi56kuz14k3fmkltmfgw8', 'https://photo.superimmo.com/bnpr9tio4zs4k77tc4s5ngj6kxc1', None, None, None, None, None]
20;https://www.superimmo.com/annonces/achat-maison-90m-peyrehorade-40300-xwb49u;228000;90;4;2;Peyrehorade (40300);2533;13/07/2024;;;Honoraires à la charge du vendeur. Barème d’honoraires : https://media.immo-facile.com/segments/immo/catalog/images/manufacturers_bareme/350847.pdf;Maison de ville entierement renover de 90 M2 RDC / Grande piece de vie salon cuisine cellier, wc Etage/ 2 grande chambres salle d'eau wc clim CLASSEE A/B AVEC SON PARKING/ COIN JARDIN ET TERRASSE COUVERTE;['90 m² - 4 pièces - 2 chambres - ter. 158 m²', None, None, None, None, None, None, None, None, None, None, None, None, None, None, None, None, None, None, None];['https://photo.superimmo.com/e69uh8q3aziazmv9daisgksq1na9', 'https://photo.superimmo.com/e6jsqptq3mzljcmjhj2o16bpfhcq', 'https://photo.superimmo.com/69v769d7hj7wf8x2rzsn1ym25rcx', 'https://photo.superimmo.com/m1g1v51ndzn505qfvksb0ac8uenj', 'https://photo.superimmo.com/dcgrzs6c9h4jzcg3hlaz3gpndlc9', None, None, None, None, None]
21;https://www.superimmo.com/annonces/achat-maison-87m-aire-sur-l-adour-40800-xwb42g;198000;87;4;2;Aire-sur-l'Adour (40800);2276;13/07/2024;;;Barème d’honoraires : https://media.immo-facile.com/segments/immo/catalog/images/manufacturers_bareme/290814.pdf;Proche toutes commodités dans un village où il fait bon vivre. Maison d'habitation rénovée avec gout sur sous sol total. Cette bâtisse vous offre au rez de chaussée une entrée desservant sur une jolie cuisine aménagée et équipée d'environ 18 m², un séjour avec climatisation réversible et un wc séparé. A l'étage un couloir donnant sur ses deux chambres d'environ 12 et 15 m², un dressing, une salle de bains et un wc séparé. Le terrain totalement cloturé sur une parcelle de 742 m², piscinable. Chauffage électrique et climatisation réversible. le plus : Vous avez la possibilité d'aménager le sous sol d'environ 52 m² ,double vitrage, climatisation et isolation Alors n'hésitez plus et venez poser vos valises !!!;"['87 m² - 4 pièces - 2 chambres - ter. 742 m²', 'Année de construction : 1800', ""Assainissement : tout à l'égout"", 'Climatisation', 'Séjour de 24 m²', '1 salle de bain', '2 wc', 'Sous-sol', 'Fenêtres double vitrage, en pvc', 'Alarme', None, None, None, None, None, None, None, None, None, None]";['https://photo.superimmo.com/xoe6jtsqu7th5z6vgbn4l1fqt6zz', 'https://photo.superimmo.com/149411mj3k8pahab8ucr1boffkgx', 'https://photo.superimmo.com/8x6oebkwesciv3z99bvcy16ypzst', 'https://photo.superimmo.com/0j9yp77u4xuzlhlj5j8xwjhem68f', 'https://photo.superimmo.com/50p5p9sqih9awdp2f4dstmhzmlct', None, None, None, None, None]
22;https://www.superimmo.com/annonces/achat-maison-260m-vieux-boucau-les-bains-40480-xwb41k;945000;260;5;3;Vieux-Boucau-les-Bains (40480);3635;13/07/2024;;;Honoraires à la charge de l'acquéreur : 5% TTC - 45 000 € TTC inclus dans le prix de vente. Barème d’honoraires : https://media.immo-facile.com/segments/immo/catalog/images/manufacturers_bareme/288335.pdf;Découvrez cette villa située dans l'un des quartiers les plus recherchés de Vieux-Boucau. Offrant des prestations haut de gamme, cette spacieuse villa de 260 m² est idéale pour ceux en quête de confort et de raffinement. Le séjour lumineux, ouvert sur la terrasse et la piscine, invite à la relaxation et aux réceptions. Plusieurs chambres avec dressing ou offrant des espaces de rangement généreux avec les salles de bains. Finitions de haute qualité, matériaux nobles, et équipements modernes (5.00 % honoraires TTC à la charge de l'acquéreur.);['260 m² - 5 pièces - 3 chambres - ter. 998 m²', None, None, None, None, None, None, None, None, None, None, None, None, None, None, None, None, None, None, None];[None, None, None, None, None, None, None, None, None, None]
23;https://www.superimmo.com/annonces/achat-appartement-29m-biscarrosse-plage-40600-xwb3zk;200000;29;1;;Biscarrosse (40600) (Biscarrosse Plage);6897;13/07/2024;Étage 1/4 avec ascenseur;1 Parking;Honoraires à la charge de l'acquéreur : 5,26% TTC - 10 000 € TTC inclus dans le prix de vente. Barème d’honoraires : https://media.immo-facile.com/segments/immo/catalog/images/manufacturers_bareme/263507.pdf;Biscarrosse Plage, en lisière de l'esplanade de la plage centrale et à proximité immédiate de tout, à saisir bel appartement entièrement rénové et meublé, de 29m² avec balcon de 3m² et 1 place de parking fermé. Composé d'un séjour avec cuisine ouverte équipée, une chambre cabine avec rangement, salle de bain et wc séparé. Emplacement rare et recherché ! Copropriété de 93 lots principaux d'habitations avec quote part de charges de 45 euros/mois (ascenseur inclus). Pas de travaux à prévoir. (5.26 % honoraires TTC à la charge de l'acquéreur.) Copropriété de 224 lots (Pas de procédure en cours). Charges annuelles : 505 euros.;['29 m² - 1 pièce', 'Étage 1/4 avec ascenseur', 'Orientation : Est', '1 Parking', 'Année de construction : 1976', '1 salle de bain', '1 wc', 'Fenêtres en aluminium, double vitrage', 'Copropriété de 224 lots', '', None, None, None, None, None, None, None, None, None, None];['https://photo.superimmo.com/dx2g17k4bfvqq2pqolvdz29vrcql', 'https://photo.superimmo.com/mshmf9vb7c0mvqsevhd9ym8xhljp', 'https://photo.superimmo.com/ll5wf8k5ttm8ofppgq0vlqpdyg19', 'https://photo.superimmo.com/kds2frdhkcskpam6e4rg3j8cbyia', 'https://photo.superimmo.com/4fdgcfivu1c2r1z3yjdbolcstq5q', None, None, None, None, None]
24;https://www.superimmo.com/annonces/achat-appartement-22m-biscarrosse-plage-40600-xwb3zj;179000;22;1;;Biscarrosse (40600) (Biscarrosse Plage);8136;13/07/2024;Dernier étage avec ascenseur;1 Parking;Honoraires à la charge de l'acquéreur : 5,29% TTC - 9 000 € TTC inclus dans le prix de vente. Barème d’honoraires : https://media.immo-facile.com/segments/immo/catalog/images/manufacturers_bareme/263507.pdf;Biscarrosse Plage, au 2ème et dernier étage avec ascenseur d'une résidence en front d'esplanade de la plage centrale et à proximité immédiate de tout, à saisir bel appartement entièrement rénové et meublé, de 22m² avec balcon de 3.7m² et 1 place de parking. Composé d'une entrée, séjour avec cuisine ouverte équipée, salle de bain avec wc. Aucun travaux à prévoir. Emplacement rare et recherché ! Copropriété de 93 lots principaux d'habitations avec quote part de charges de 35 euros/mois (ascenseur inclus) et pas de travaux à prévoir. (5.29 % honoraires TTC à la charge de l'acquéreur.) Copropriété de 228 lots (Pas de procédure en cours). Charges annuelles : 380 euros.;['22 m² - 1 pièce', 'Dernier étage (2ème) avec ascenseur', 'Orientation : Est', '1 Parking', 'Année de construction : 1976', '1 salle de bain', '1 wc', 'Fenêtres en aluminium, double vitrage', 'Copropriété de 228 lots', '', None, None, None, None, None, None, None, None, None, None];['https://photo.superimmo.com/lbjavaaevfoy05b2nl1i929gdrzq', 'https://photo.superimmo.com/vpdtycxs3x7xacnz9c7b2xpecorp', 'https://photo.superimmo.com/4spaazjfv5umv1ss62wj3vnwc5r9', 'https://photo.superimmo.com/g062uzmegn3oweiagubdt9k7pvhg', 'https://photo.superimmo.com/vpdecjpodaxh6cos3az86wjzm2g3', None, None, None, None, None]
25;https://www.superimmo.com/annonces/achat-maison-95m-tartas-40400-xwb3s1;139000;22;4;3;Tartas (40400);1460;13/07/2024;;;Honoraires à la charge du vendeur. Barème d’honoraires : https://media.immo-facile.com/segments/immo/catalog/images/manufacturers_bareme/138282.pdf;Charmante maison de plain-pied de 3 chambres avec garage en dépendance située dans un quartier recherché offrant la proximité des écoles et des commerces. Son terrain de 722m², joliment fleuri et entièrement clos, offre un espace extérieur agréable et privatif. Des travaux sont à prévoir pour mettre en valeur tout son potentiel. Idéale pour les bricoleurs ou les investisseurs souhaitant personnaliser leur futur chez-soi. N'hésitez pas à nous contacter pour plus d'informations ou organiser une visite.;['95,22 m² - 4 pièces - 3 chambres - ter. 722 m²', '1 salle de bain', '1 wc', '', None, None, None, None, None, None, None, None, None, None, None, None, None, None, None, None];['https://photo.superimmo.com/or37mscd9j5h3ltp80426tll721k', 'https://photo.superimmo.com/y3a2yjgmhx24v993jy7wfh9xohzi', 'https://photo.superimmo.com/fn6f2ugn8hikngbofvyh2rqoesw3', 'https://photo.superimmo.com/copnc3p2rt7whvapc9g8i7dv9k37', 'https://photo.superimmo.com/h58ziiislcdfkynv70qaldagzzvm', None, None, None, None, None]
26;https://www.superimmo.com/annonces/achat-maison-126m-mimizan-40200-xwb3o5;254400;7;5;;Mimizan (40200);2008;13/07/2024;1 Garage;;Honoraires à la charge du vendeur.;"Maison - 5 pièces - 126,7m² en bordure de forêt, dans un quartier calme et résidentiel, proche du lac et à 6,5 km de l'océan. maison traditionnelle d'environ 145 m² habitables sur deux niveaux comprenant : - en rez-de-chaussée ; véranda, cuisine, dégagement, salon séjour avec cheminée insert, 1 chambre, salle d'eau, wc. - à l'étage ; un palier, 3 chambres, et combles aménageables d'environ 40 m². le tout sur un terrain clos de 860 m² avec garage, atelier, dépendance (appartement t.2), chaufferie, et cave. travaux à prévoir. contactez votre agence mimizanaise arthurimmo au 05.58.09.05.05 -";['126,7 m² - 5 pièces - ter. 860 m²', '1 Garage', None, None, None, None, None, None, None, None, None, None, None, None, None, None, None, None, None, None];['https://photo.superimmo.com/ma6nzqiwdqtd3apljqf5w0qmz5bj', 'https://photo.superimmo.com/9a6dj8nelnlpqtjb0grppd8ivyep', 'https://photo.superimmo.com/cg8whadrpnr5qxavj7dhphuazi13', 'https://photo.superimmo.com/5rbqw02pve4hg3pih2xuzc17q53p', 'https://photo.superimmo.com/aau4sniak6i28dpbuxuirnducfcb', None, None, None, None, None]
27;https://www.superimmo.com/annonces/achat-maison-118m-biscarrosse-plage-40600-xwb304;661500;8;6;5;Biscarrosse (40600) (Biscarrosse Plage);5568;13/07/2024;1 Garage;Chauffage électrique;Honoraires à la charge de l'acquéreur : 5% TTC - 31 500 € TTC inclus dans le prix de vente. Barème d’honoraires : https://www.cabinet-bedin.com/tarifs;"Situation exceptionnelle au calme. . Belle maison landaise de pays de 5 chambres située dans un coin calme. Comprend un grand salon, une cuisine, une salle de bains, une salle d'eau avec WC, un WC séparé, et un garage. Le terrain de près de 900m² est très bien clôturé, piscinable, et sans vis-à-vis.
Contactez-nous au 05 58 78 37 31 ou au 05 58 78 74 18. Les informations sur les risques auxquels ce bien est exposé sont disponibles sur le site Géorisques : www. georisques. gouv. fr.";"['118,8 m² - 6 pièces - 5 chambres - ter. 892 m²', '1 Garage', 'Chauffage électrique', 'Séjour de 34 m²', ""1 salle d'eau - 1 salle de bain"", '2 wc', None, None, None, None, None, None, None, None, None, None, None, None, None, None]";['https://photo.superimmo.com/5w0wk549w63vr8eq6iu5t2z42ea2', 'https://photo.superimmo.com/54id5mvik037591zv4tvqcd3ldu2', 'https://photo.superimmo.com/b5594kltgmpxksa6zo9p1uhj46iw', 'https://photo.superimmo.com/biwj7yf1tzdudeab9g9iyj6vwmsm', 'https://photo.superimmo.com/9gnyjwc1xkwp1kdgj0umxlopfjzw', None, None, None, None, None]
28;https://www.superimmo.com/annonces/achat-maison-78m-tarnos-40220-xwb2np;349900;78;4;3;Tarnos (40220);4486;13/07/2024;Meublée;1 terrasse;Honoraires à la charge du vendeur. Barème d’honoraires : https://files.netty.immo/file/kmgimmobilier/1408/U1z42/bareme_d_honoraires_01_10_2023_bareme_d_honoraires_au_1_octobre_651ec005e9f5e9a126089e46_1.pdf;"Découvrez cette charmante maison mitoyenne de 78 m² à Tarnos, dans les Sud Landes. Nichée dans un écrin de verdure, elle offre 4 pièces, 3 chambres et une terrasse de 20 m². Le jardin de 300 m² est piscinable. Proche des commodités : maternelle, école, médecin, restaurants et bus. À visiter sans tarder !
Honoraires à la charge du vendeur. Classe énergie D, Classe climat B Montant moyen estimé des dépenses annuelles d'énergie pour un usage standard, établi à partir des prix de l'énergie de l'année 2021 : entre 1100.00 et 1100.00 €. Ce bien vous est proposé par un agent commercial. Nos honoraires : Les informations sur les risques auxquels ce bien est exposé sont disponibles sur le site Géorisques : georisques.gouv.fr
Votre conseiller KMG Immobilier : Virginie DA SILVA - Tél. 0618309137
Agent commercial (Entreprise individuelle)
RSAC 530111152
RCP CREDIT MUTUEL N°I8 4038056
Afficher plus";"['78 m² - 4 pièces - 3 chambres - ter. 365 m²', '2 Parkings', '1 terrasse', 'Année de construction : 1945', 'Chauffage individuel électrique', 'Cuisine équipée', 'Séjour de 45 m²', ""1 salle d'eau"", '2 wc', '', None, None, None, None, None, None, None, None, None, None]";[None, None, None, None, None, None, None, None, None, None]
29;https://www.superimmo.com/annonces/achat-maison-276m-soorts-hossegor-40150-xwb2a2;2385000;276;8;5;Soorts-Hossegor (40150);8641;13/07/2024;Cuisine séparée, équipée;Chauffage individuel au gaz;Honoraires à la charge du vendeur. Barème d’honoraires : https://files.netty.immo/file/company37517yvr/7/38m13/bareme_a_jour.pdf;"Venez découvrir ce coin secret, un endroit enchanteur pour rêvasser et se ressourcer au coeur d'une végétation luxuriante.
Sur une parcelle de près de 4000m², cette élégante maison des années 60 se niche dans un environnement paisible, à l'abri des regards.
La villa de plain-pied de 276m² se divise en deux ailes distinctes, offrant une intimité totale et un confort absolu pour ses occupants grâce à ses 2 salons et 5 chambres.
L'aile principale comprend un salon spacieux et lumineux, prolongé par une véranda exposée au soleil matinal, parfaite pour toutes les saisons grâce à sa cuisine d'été et son poêle à bois. Elle abrite également 3 chambres, toutes ouvertes sur la terrasse extérieure et le jardin orientés sud-est.
L'autre aile de la maison peut être indépendante, idéale pour accueillir des invités ou générer un revenu locatif.
À l'extérieur, un jardin paysagé, un spa et une piscine chauffée vous invitent à la détente, créant un cadre parfait pour profiter des douces soirées d'été.
Un environnement préservé et magique, la tête dans les arbres, à seulement 10 minutes des plages !
Book photos et vidéo sur demande.
Afficher plus";"['276 m² - 8 pièces - 5 chambres - ter. 3 946 m²', 'Piscine', 'Orientation : Est, Sud, Sud-Est', 'Année de construction : 1964', 'Chauffage individuel au gaz', 'Cuisine séparée, équipée', ""3 salles d'eau"", '3 wc', None, None, None, None, None, None, None, None, None, None, None, None]";['https://photo.superimmo.com/o122ej2nqi0wp8b454toq9hsnq5s', 'https://photo.superimmo.com/mgyqu3duqe3z4rctab6ph4qemu45', 'https://photo.superimmo.com/0dztvlygy2qy8siwc4hf24vithia', 'https://photo.superimmo.com/vzrrejadfpr221s35juunx9p2ykl', 'https://photo.superimmo.com/4x93bvct5d3sxx3dvp7akqgazevi', None, None, None, None, None]
30;https://www.superimmo.com/annonces/achat-maison-171m-gaujacq-40330-xwb1n5;120000;7;4;;Gaujacq (40330);699;13/07/2024;;;Barème d’honoraires : http://www.century21lafargueimmobilier1.com;A VENDRE GAUJACQ belle landaise avec ses dépendances sur 1 hectare de terrain.De beaux volumes en cours de rénovation.Cadre champêtre et idyllique sans aucun vis-a-vis. Coup de cœur assuré!Réf 12131. Non soumis au DPE.Proposé par votre agence immobilière à Orthez : CENTURY 21 ORTHEZ Agence du Pont Vieux 05 59 67 14 95. Achat appartement Achat maison Vente appartement Vente maison Location appartement Location maison - Gestion locative appartement - Gestion locative maison. informations sur les risques auxquels ce bien est exposé sont disponibles sur le site Géorisques : www.georisques.gouv.fr;['171,7 m² - 4 pièces - ter. 10 000 m²', None, None, None, None, None, None, None, None, None, None, None, None, None, None, None, None, None, None, None];['https://photo.superimmo.com/pabzg5u2g1q39imyguhnvi4e6kix', 'https://photo.superimmo.com/df3l43q0x2v16esxmdpksw2x0z5m', 'https://photo.superimmo.com/f5289bj7xnex9hp0rkfu7nv67zxv', 'https://photo.superimmo.com/fugoti08vfzj7rcikw11btuvwtxa', 'https://photo.superimmo.com/2ewjuyjsjrcw0sr3prbvpxfmuvl9', None, None, None, None, None]
31;https://www.superimmo.com/annonces/achat-maison-110m-sore-40430-xwb10q;292000;110;5;3;Sore (40430);2655;13/07/2024;1 terrasse;1 Garage;Honoraires à la charge de l'acquéreur : 4,29% TTC - 12 000 € TTC inclus dans le prix de vente. Barème d’honoraires : https://www.euroimmobilier33.com/i/redac/honoraires?honofor=1;"SORE - REF 4596 - ECLAT
L'AGENCE EURO IMMOBILIER BAZAS & SORE VOUS PRÉSENTE
Dans un quartier résidentiel très calme tout en étant proche des commodités et commerces.
Maison très lumineuse des années 1970 d'environ 110m2 composée d'une entrée avec placard, salon/salle à manger, cuisine aménagée, 3 chambres avec placard dont une avec point d'eau, salle d'eau, WC indépendant.
Tout à l'égout, pompe à chaleur air/eau.
Carreaux de gironde.
Isolation laine de roche souflée en 2020.
Sous-sol avec garage, atelier et chaufferie. Terrasse de 72m2.
Le tout sur un jardin arbordé et valloné de plus de 4000m2.
Pour toute information ou visite, contacter Maura au 06 77 22 12 27.";"['110 m² - 5 pièces - 3 chambres - ter. 4 240 m²', '1 Garage', '1 terrasse', 'Année de construction : 1970', 'Chauffage individuel', 'Cuisine séparée', 'Séjour de 44 m²', ""1 salle d'eau"", '1 wc', '', None, None, None, None, None, None, None, None, None, None]";['https://photo.superimmo.com/t9p1l38g3nuc0me8qcqzb56xiykm', 'https://photo.superimmo.com/mknva27ijsaiyvnx2c6qz7j2ebe8', 'https://photo.superimmo.com/ktoxauzz9zzpi9ap25eymg1m6wib', 'https://photo.superimmo.com/xgci9u5lxaceruq4dcqtacslq95f', 'https://photo.superimmo.com/nvlo14dux8ul16d9eqvg1b1wkoj3', None, None, None, None, None]
32;https://www.superimmo.com/annonces/achat-maison-246m-pissos-40410-xwb10o;499000;246;9;6;Pissos (40410);2028;13/07/2024;;;Honoraires à la charge de l'acquéreur : 3,96% TTC - 19 000 € TTC inclus dans le prix de vente. Barème d’honoraires : https://www.euroimmobilier33.com/i/redac/honoraires?honofor=1;"PISSOS - REF 4595 - NACRE
L'AGENCE EURO IMMOBILIER DE BAZAS & SORE VOUS PRÉSENTE
A Pissos, proche de toutes commodités sans vis à vis, magnifique maison en pierre de 1752, gorgée d'histoire. Composée d'une entrée traversante, séjour, salon, cuisine équipée, 6 chambres, salle d'eau avec WC, salle de bains avec WC.
A l'étage combles aménageables avec superbe charpente apparente en parfaite état.
Electricité refaite, chauffage chaudière fioul, cheminée avec bouches d'air chaud.
Le tout sur un très beau parc de presque 7000m2 avec double entrée voiture.
Puits. Dépendance/Garage.
Pour tout renseignement, merci d'appeler Maura au 06 77 22 12 27.";"['246 m² - 9 pièces - 6 chambres - ter. 3 263 m²', 'Année de construction : 1758', ""1 salle d'eau - 1 salle de bain"", '2 wc', None, None, None, None, None, None, None, None, None, None, None, None, None, None, None, None]";['https://photo.superimmo.com/konrfuvdyi42s70qyggcj4mpce3n', 'https://photo.superimmo.com/3kdmnrmmy4gyefyy6bek1pr3wfzo', 'https://photo.superimmo.com/i2bu0f6yhjfx77vqv1kdb8x6gp0h', 'https://photo.superimmo.com/zp3iwbw8djb83i4wrkzwp1dxzgqa', 'https://photo.superimmo.com/z6yit8wzk5c6tcnxjizjknakis14', None, None, None, None, None]
33;https://www.superimmo.com/annonces/achat-maison-391m-mont-de-marsan-40000-xwb10i;596000;391;10;4;Mont-de-Marsan (40000);1524;13/07/2024;Chauffage individuel;;Honoraires à la charge de l'acquéreur : 2,76% TTC - 16 000 € TTC inclus dans le prix de vente. Barème d’honoraires : https://www.coteparticuliers.com/i/redac/honoraires?honofor=47;"Proche de Mont de Marsan, propriété d'exception, lieu dit 'Château Framboise', d'environ 391m2 sur 3 niveaux.
Projet conçu par architecte, rénové par des artisans locaux, et avec des materiaux de qualité!
Il comprend une partie habitation, composée de 3 chambres dont une suite parentale, une salle de bain, une cuisine ouverte donnant sur un toit terrasse et sur un séjour d'environ 100m2 avec son toit cathédral.
Une partie attenante, autonome, déstinée à la location.
Une partie professionnelle composée de bureaux, des équipements nécessaires, et d'un parking exterieur dédié.
Terrain d'un total de 4113m2, avec des possibilités de constructions annexes.
Une seconde vie vient d'être offerte à cette magnifique bâtisse, venez vous laisser charmer par ce monument de prestige !";"['391 m² - 10 pièces - 4 chambres - ter. 4 113 m²', 'Chauffage individuel', ""2 salles d'eau - 1 salle de bain"", '', None, None, None, None, None, None, None, None, None, None, None, None, None, None, None, None]";['https://photo.superimmo.com/xufebbopy9k7o2iu463k0b0mb3ap', 'https://photo.superimmo.com/1gchknkrh8y0oxhwcybnedgi7q4w', 'https://photo.superimmo.com/dz4w6hshvezv92vok4wt5dsrztsm', 'https://photo.superimmo.com/neloaifn6abf5fi7u8depsi5xujq', 'https://photo.superimmo.com/e0n6lsdsj5wacuo78g2htdw06xen', None, None, None, None, None]
34;https://www.superimmo.com/annonces/achat-maison-275m-souprosse-40250-xwb0xn;463500;275;7;4;Souprosse (40250);1685;13/07/2024;1 Garage;Chauffage individuel;Honoraires à la charge de l'acquéreur : 3% TTC - 13 500 € TTC inclus dans le prix de vente. Barème d’honoraires : https://www.troispourcent.com/i/redac/honoraires?honofor=245;"À Vendre : Magnifique Maison de Village de 1910 avec Appartement Indépendant Entre Saint Sever et Tartas
Description : Découvrez cette superbe maison de village construite en 1910, offrant 275 m2 de charme et d'authenticité, située entre Saint Sever et Tartas. Idéale pour une grande famille ou un projet d'investissement.
Caractéristiques :
Rez-de-chaussée :
Entrée spacieuse
Grande cuisine équipée ouverte sur un vaste salon/séjour
Bureau
Buanderie
Chaufferie
Garage attenant
Étage :
4 chambres
2 salles d'eau
1 salle de bain
2 dressings
Belle terrasse à l'étage pour profiter des beaux jours
Appartement Indépendant :
Superficie : 48 m2
État : À rafraîchir
Entrée indépendante
Extérieur :
Terrain : 1000 m2
Piscine au sel : Parfaite pour se rafraîchir et se détendre durant l'été
Points Forts :
Surface généreuse pour accueillir une grande famille
Appartement indépendant idéal pour une location ou pour recevoir des invités
Piscine au sel : Un atout majeur pour les moments de détente
Cadre paisible et authentique entre Saint Sever et Tartas
Opportunité à ne pas manquer ! Cette propriété rare allie le charme de l'ancien et le confort moderne, avec un potentiel de personnalisation de l'appartement indépendant.
Pour plus d'informations ou pour organiser une visite, contactez-nous dès aujourd'hui.
Contact :
Contactez _ _ _
Jérôme Turpin agent commercial en immobilier
06 49 31 89 44
RSAC Mont de Marsan 532 873 262

3%.COM IMMOBILIER, réseau national à honoraires réduits. - Annonce rédigée et publiée par un Agent Mandataire -
Afficher plus";"['275 m² - 7 pièces - 4 chambres - ter. 1 000 m²', 'Piscine', '1 Garage', 'Année de construction : 1910', 'Chauffage individuel', ""1 salle d'eau - 2 salles de bain"", '2 wc', '', None, None, None, None, None, None, None, None, None, None, None, None]";['https://photo.superimmo.com/x0u2xye9ivf19zevd7062mdqn8nq', 'https://photo.superimmo.com/9qbph2clzo51ugpp8hl8gutdgr9i', 'https://photo.superimmo.com/1vwwlc73nt2a9c3frrsuy97ljxro', 'https://photo.superimmo.com/mdcgnwmdvd6rhp4cnjg20u53xiwl', 'https://photo.superimmo.com/ywqjygqwsmw8s5bwf3l85027li63', None, None, None, None, None]
35;https://www.superimmo.com/annonces/achat-maison-156m-saint-pierre-du-mont-40280-xwb0x4;329600;156;6;5;Saint-Pierre-du-Mont (40280);2113;13/07/2024;Terrasse;Cuisine ouverte, équipée;Honoraires à la charge de l'acquéreur : 3% TTC - 9 600 € TTC inclus dans le prix de vente. Barème d’honoraires : https://www.troispourcent.com/i/redac/honoraires?honofor=245;"Exclusivité 3%.com immobilier
À Vendre : Maison de 156m2 avec Piscine et Terrain de 900m2 à Saint-Pierre-du-Mont
Découvrez cette maison de 156m2 située à Saint-Pierre-du-Mont, à deux pas de Mont-de-Marsan. Nichée sur un terrain de 900m2 avec une piscine, cette propriété est un véritable havre de paix offrant tout le confort moderne et de vastes espaces pour toute la famille.
Caractéristiques principales :
Rez-de-Chaussée :
Bureau : Idéal pour le télétravail ou les études.
Grande Cuisine Ouverte Équipée : Moderne et fonctionnelle, parfaite pour les amateurs de cuisine.
Grand Salon Séjour : Un espace de vie lumineux et spacieux pour vos moments en famille.
Cellier/Buanderie avec WC : Pratique pour le rangement et la gestion du quotidien.
À l'Étage :
5 Chambres : parfaites pour une grande famille.
Salle d'eau : spacieuse
WC Séparé : Pratique.
Extérieur :
Terrain de 900m2 : Idéal pour les jeux en plein air, le jardinage ou simplement pour profiter de la nature.
Piscine : Parfaite pour se rafraîchir et se détendre pendant les chaudes journées d'été.
Proche de toutes les commodités, cette maison vous offre un cadre de vie exceptionnel avec des écoles, des commerces et des transports en commun à proximité immédiate.
Ne manquez pas cette opportunité unique d'acquérir une propriété alliant espace, confort et praticité. Contactez-nous dès aujourd'hui pour organiser une visite et laissez-vous séduire par cette maison exceptionnelle !
Pour plus d'informations ou pour organiser une visite :
_ Contactez _ _ _
Jérôme Turpin agent commercial en immobilier
06 49 31 89 44
RSAC Mont de Marsan 532 873 262
3%.COM IMMOBILIER, réseau national à honoraires réduits.

Faites de cette maison votre nouveau chez-vous et profitez d'un cadre de vie exceptionnel à Saint-Pierre-du-Mont ! - Annonce rédigée et publiée par un Agent Mandataire -
Afficher plus";['156 m² - 6 pièces - 5 chambres - ter. 900 m²', 'Piscine', 'Terrasse', 'Année de construction : 1961', 'Chauffage individuel au gaz', 'Cuisine ouverte, équipée', '1 salle de bain', '2 wc', None, None, None, None, None, None, None, None, None, None, None, None];['https://photo.superimmo.com/7lsbw7ssfhgu3r0z5mkr7c78wdo6', 'https://photo.superimmo.com/kkcb5la7jznvfcc4sc5bww5mbssp', 'https://photo.superimmo.com/uzsiiqfkw7yomck7tklor6pbci18', 'https://photo.superimmo.com/afv6uck2m1jytyqx0aq2alul648f', 'https://photo.superimmo.com/a9u1qh2xc7jlqpm7oatkety3qrxo', None, None, None, None, None]
36;https://www.superimmo.com/annonces/achat-maison-103m-le-freche-40190-xwaz9i;191700;103;5;3;Le Frêche (40190);1861;13/07/2024;;;Honoraires à la charge de l'acquéreur : 6,5% TTC - 11 700 € TTC inclus dans le prix de vente. Barème d’honoraires : https://www.human-immobilier.fr/Content/pdf/bareme_honoraires_human_immobilier.pdf;À moins de 10 minutes de Villeneuve, nous vous proposons cette belle demeure des années 1915 à rénover. Un salon salle à manger, une cuisine & 3 chambres, le tout implanté sur une parcelle de plus d'un hectare arboré d'arbres fruitiers et de chênes US. N'attendez plus pour venir découvrir cet endroit de quiétude absolue !! Logement à consommation énergétique excessive : classe F;"['103 m² - 5 pièces - 3 chambres - ter. 12 055 m²', ""1 salle d'eau"", '1 wc', '', None, None, None, None, None, None, None, None, None, None, None, None, None, None, None, None]";['https://photo.superimmo.com/clg7sdlxnfluwgl9le9nsajgvuxx', 'https://photo.superimmo.com/yo96y73apcnlebwva65l14jmlopo', 'https://photo.superimmo.com/pg7n2jt41ukvum7gc2hvnwvz92ae', 'https://photo.superimmo.com/libiuvdfvm7gyovt4rq1tp6hrazv', 'https://photo.superimmo.com/1u1lbjstc6gioo8vcdk2t7ff8xve', None, None, None, None, None]
37;https://www.superimmo.com/annonces/achat-maison-95m-tartas-40400-xwaz8j;204480;95;4;3;Tartas (40400);2152;13/07/2024;1 Parking;;Honoraires à la charge de l'acquéreur : 6,5% TTC - 12 480 € TTC inclus dans le prix de vente. Barème d’honoraires : https://www.human-immobilier.fr/Content/pdf/bareme_honoraires_human_immobilier.pdf;Entre Dax et Mont de Marsan, dans un quartier recherché, avec les commodités à pied venez découvrir cette maison de plain pied avec un séjour , une cuisine , 3 chambres , salle de bain et WC. Terrain clos de plus de 700 m² avec une piscine et terrasse couverte vous permettront de profiter de moments de convivialités. Rare Proposition d'aménagement virtuel non contractuelle en dernière photo.;['95 m² - 4 pièces - 3 chambres - ter. 734 m²', '1 Parking', '1 salle de bain', '1 wc', None, None, None, None, None, None, None, None, None, None, None, None, None, None, None, None];['https://photo.superimmo.com/dycr6bfdufzs6s28jmu33xgqcqt4', 'https://photo.superimmo.com/jbhrigscyoipcouc9mts8xjlk4a9', 'https://photo.superimmo.com/qps4zkddj8wzp196horvhtc9qc1d', 'https://photo.superimmo.com/zbbbqf63nq67gk5jz8vdlochuprz', 'https://photo.superimmo.com/1zzrki68tapz9ef7hivmyvdu5w2k', None, None, None, None, None]
38;https://www.superimmo.com/annonces/achat-maison-164m-rion-des-landes-40370-xwaz8c;191700;164;5;4;Rion-des-Landes (40370);1169;13/07/2024;2 Parkings;;Honoraires à la charge de l'acquéreur : 6,5% TTC - 11 700 € TTC inclus dans le prix de vente. Barème d’honoraires : https://www.human-immobilier.fr/Content/pdf/bareme_honoraires_human_immobilier.pdf;Maison avec de beaux volumes situèe en plein coeur de Rion Des Landes et proche de toutes commodités venez découvrir ce bien à rénover. Cette maison est composée de 4 chambres, une cuisine et une salle d'eau sur une parcelle d'environ 1300m2;"['164 m² - 5 pièces - 4 chambres - ter. 1 300 m²', '2 Parkings', ""1 salle d'eau"", '1 wc', None, None, None, None, None, None, None, None, None, None, None, None, None, None, None, None]";['https://photo.superimmo.com/kfxzl152dbvk7plb9gy2eklanet9', 'https://photo.superimmo.com/3janlvmm1oxbn1maf09xc7ukarur', 'https://photo.superimmo.com/5lfvupjqxmtm06wm1c4aldfltf6c', None, None, None, None, None, None, None]
39;https://www.superimmo.com/annonces/achat-maison-126m-morcenx-la-nouvelle-40110-xwaz6t;310000;126;6;4;Morcenx-la-Nouvelle (40110);2460;13/07/2024;2 Parkings;;Honoraires à la charge de l'acquéreur : 5,5% TTC - 16 162 € TTC inclus dans le prix de vente. Barème d’honoraires : https://www.human-immobilier.fr/Content/pdf/bareme_honoraires_human_immobilier.pdf;Sur le secteur de morcenx à 5 min des commoditées sur une parcelle de 1600 m² environ et piscinable. Ce bien de style contemporain vous propose une cuisine ouverte avec bar sur la pièce de vie, 4 chambres dont une suite parentale, 1 bureau ,1 salle d'eau.;"['126 m² - 6 pièces - 4 chambres - ter. 1 641 m²', '2 Parkings', ""1 salle d'eau - 1 salle de bain"", '2 wc', None, None, None, None, None, None, None, None, None, None, None, None, None, None, None, None]";['https://photo.superimmo.com/agdoi6e5r1rak58otu673cq77yn3', 'https://photo.superimmo.com/sllq1jb2cc4qwhox7c1lfolzitor', 'https://photo.superimmo.com/7j1n965bd0imgr07opt3xl8ag4cr', 'https://photo.superimmo.com/brpdzmfedr6kjmnngzvaf1ghb2za', None, None, None, None, None, None]
40;https://www.superimmo.com/annonces/achat-maison-129m-dax-40100-xwaxba;329000;129;4;3;Dax (40100);2550;12/07/2024;Chauffage individuel électrique (radiateurs);;Honoraires à la charge du vendeur. Barème d’honoraires : http://diszln7ft1ccx.cloudfront.net/pdf/BAREME_NATIONAL.pdf;"DAX - 40100 - Quartier Saint Vincent - Maison Plain-pied avec Jardin Arboré
Vous cherchez la maison parfaite à Dax, que ce soit pour une vie de famille épanouissante ou un investissement judicieux ? Cette magnifique propriété de plain-pied située dans le prestigieux quartier Saint Vincent offre une opportunité à ne pas laisser passer !
Caractéristiques Principales :
- Surface habitable généreuse de 129 m²
- Un jardin luxuriant de 910 m², méticuleusement entretenu
- Espace barbecue idéal pour des moments conviviaux en plein air
- Un garage spacieux pour vos véhicules
- Dépendance ajoutée pour plus d'espace
- Cuisine d'été pour des repas en plein air
Intérieur :
- 3 chambres confortables pour votre confort
- Un salon baigné de lumière naturelle pour des moments de détente
- Un espace bureau attenant, parfait pour le télétravail
- Une salle de bain moderne pour votre bien-être
- Une buanderie pratique pour votre quotidien
- Une cuisine équipée idéale pour les chefs en herbe
- Une salle à manger séparée pour des repas en famille mémorables
Cette maison offre un cadre de vie idéal avec son jardin verdoyant et toutes les commodités à proximité. Ne manquez pas cette occasion unique de réaliser vos rêves immobiliers !
Pour de plus amples informations ou pour organiser une visite, n'hésitez pas à me contacter dès aujourd'hui. Votre futur chez-vous vous attend à Dax !
Chers collègues, si vous avez des clients sérieux et solvables, je suis ouverte à la discussion pour un partage d'honoraires dans l'intérêt mutuel de nos clients respectifs.
Les informations sur les risques auxquels ce bien est exposé sont disponibles sur le site Georisque : georisques. gouv. fr
Delphine Debray - EI - est Agent Commercial mandataire en immobilier, immatriculé au Registre Spécial des Agents Commerciaux du Tribunal de Commerce de Bayonne sous le n°810252551.
Siège social du mandant : effiCity, 48 avenue de Villiers - 75017 PARIS - Société par Actions Simplifiée, société au capital de 132 373,05 euros, immatriculée au RCS Paris 497 617 746 et titulaire de la Carte professionnelle CPI 7501 2015 000 002 025 délivrée par la CCI Paris IDF - Caisse de Garantie : GALIAN Assurances 89 rue de la Boétie 75008 Paris
Afficher plus";"['129 m² - 4 pièces - 3 chambres - ter. 910 m²', 'Orientation : Est / Ouest', 'Garage', 'Chauffage individuel électrique (radiateurs)', 'Séjour de 26 m²', ""1 salle d'eau - 1 salle de bain"", 'Jardin privatif', '', None, None, None, None, None, None, None, None, None, None, None, None]";['https://photo.superimmo.com/eqkm5ksyhorkkk8nzp6mjbd2lslw', 'https://photo.superimmo.com/psic4gmwlufqba6vhanpg3ke1ewk', 'https://photo.superimmo.com/652cuqe1pdiixy7bts6tko43fn88', 'https://photo.superimmo.com/xatgtn2b5tv38gzgls04rzc1ltq1', 'https://photo.superimmo.com/zu3jtclwih8w3an4khix2j6j63lu', None, None, None, None, None]
41;https://www.superimmo.com/annonces/achat-appartement-36m-dax-40100-xwaxb9;129995;36;2;1;Dax (40100);3611;12/07/2024;Étage 1/5 avec ascenseur;Balcon;Honoraires à la charge du vendeur. Barème d’honoraires : http://diszln7ft1ccx.cloudfront.net/pdf/BAREME_NATIONAL.pdf;"40100 - DAX - PROCHE CENTRE VILLE - APPARTEMENT 36M2
Manon Decosse et Efficity vous présentent un appartement T1 Bis à Dax d’une surface généreuse de 36 m².
Entièrement rénové en 2019, il se compose d’une pièce de vie de 16m2 baignée de lumière grâce a son exposition plein Sud et d’une chambre indépendante de 8 m² environ.
Une cuisine séparée, une salle d'eau fonctionnelle et un WC séparé composent le tout.
Vous pourrez également profiter d'un balcon ensoleillé de 5 m² et d'une cave de 10 m², offrant respectivement un espace extérieur agréable et un espace de stockage supplémentaire.
Situé entre 5 et 10 minutes à pied de la place de la Fontaine Chaude, de deux centres commerciaux, des arènes de Dax et de nombreux centres thermaux, cet appartement offre un cadre de vie idéal.
Cette copropriété, dispose d'un nombre généreux de places de parking et d’un gardien.
Ce bien présente un équilibre parfait entre confort, espace de vie et emplacement stratégique, que ce soit pour une résidence principale ou un investissement locatif. Ne manquez pas l'occasion, planifiez votre visite dès aujourd'hui !
Les informations sur les risques auxquels ce bien est exposé sont disponibles sur le site Georisque : georisques. gouv. fr
Delphine Debray - EI - est Agent Commercial mandataire en immobilier, immatriculé au Registre Spécial des Agents Commerciaux du Tribunal de Commerce de Bayonne sous le n°810252551.
Siège social du mandant : effiCity, 48 avenue de Villiers - 75017 PARIS - Société par Actions Simplifiée, société au capital de 132 373,05 euros, immatriculée au RCS Paris 497 617 746 et titulaire de la Carte professionnelle CPI 7501 2015 000 002 025 délivrée par la CCI Paris IDF - Caisse de Garantie : GALIAN Assurances 89 rue de la Boétie 75008 Paris
Afficher plus";"['36 m² - 2 pièces - 1 chambre', 'Étage 1/5 avec ascenseur', 'Orientation : Sud', '1 cave', 'Balcon', 'Année de construction : 1970', 'Gardien', 'Chauffage individuel au gaz (radiateurs)', ""1 salle d'eau"", 'Copropriété de 80 lots', None, None, None, None, None, None, None, None, None, None]";['https://photo.superimmo.com/q7gukfdydjtg1066k54p65uxvc9y', 'https://photo.superimmo.com/qd1rdq5egdiifh4lhz54o1f6er9d', 'https://photo.superimmo.com/gobbs2gekq6cuqwrdoyffu809121', 'https://photo.superimmo.com/xcdfocynpm92rq0zcfoxfbie4i4r', 'https://photo.superimmo.com/oqhwjzhjt7x6gf6sc332x6rhbhoh', None, None, None, None, None]
42;https://www.superimmo.com/annonces/achat-maison-160m-pontonx-sur-l-adour-40465-xwawjk;447000;160;6;4;Pontonx-sur-l'Adour (40465);2794;12/07/2024;;;Honoraires à la charge de l'acquéreur : 3,95% TTC - 17 000 € TTC inclus dans le prix de vente - Prix hors honoraires : 430 000 €. Barème d’honoraires : https://media.immo-facile.com/segments/immo/catalog/images/manufacturers_bareme/288503.pdf;"Venez découvrir sur la commune de Pontonx-sur-l'adour (40990) à 10 minutes de DAX
très belle maison d'architecte de 2009 de plus de 160 m² sur deux niveaux, construite sur une parcelle arborée de 1958 m2, à deux pas de toutes les commodités offrant des prestations et des matériaux de qualité.
vous trouverez au rez-de-chaussée une pièce de vie lumineuse de plus de 60 m2 salon/séjour hauteur cathédrale, sa cheminée bois avec insert STUV double ouverture horizontale et verticale. donnant sur une cuisine entièrement équipée avec son îlot central.
Pour la partie nuit vous trouverez une chambre avec dressing de 18 m2, une chambre de 11 m2, une chambre ou bureau de 9 m2.Une salle de bain avec double vasques, baignoire et douche à l'italienne. et un wc séparé suspendu.
Un garage attenant à la maison de 33 m2 avec portes automatiques.
A l'étage vous trouverez une mezzanine ouverte sur le salon de 34 m2 comprenant une chambre, un dressing pouvant facilement être transformé en salle d'eau au gré de ses envies.
Le chauffage au sol est assuré par une pompe à chaleur Air /Eau et le ballon d'eau chaude thermodynamique.
A l'extérieur le beau jardin arboré et entièrement clôturé, sa grande terrasse en bois avec sa piscine hors sol intégrée et son portail électrique finiront de vous convaincre !
Prix : 447 000 euros HAI * Honoraire inclus charge acquéreur : 3,95%
( 430 000 euros Hors honoraires)
Mandat ref : 373 296 - Le professionnel garantit et sécurise votre projet immobilier.
DPE : B - GES A
Pour visiter et vous accompagner dans votre projet contactez John DEWILDE à DAX au 07 70 67 84 57 ou par courriel à Cette présente annonce à été rédigée sous la responsabilité éditorial de John DEWILDE agissant sous le statut d'agent commercial indépendant RSAC 883 344 047 Dax agent commercial. SAS PROPRIETES-PRIVEES - Agence immobilière - ZAC du chêne ferré - 44 allée des cinq continents 44120 VERTOU, carte professionnelle COI 4401 2016 000 010 388 CCI Nantes -saint-Nazaires RCS NANTES 487 624 777 garantie par GALIAN - 89 rue de la Boétie 75008 Paris - n° 28137 pour 600 000 euros et 1 200 000 euros pour G
(3.95 % honoraires TTC à la charge de l'acquéreur.)
John DEWILDE (EI) Agent Commercial - Numéro RSAC : Dax 882 344 047 - .
Afficher plus";['160 m² - 6 pièces - 4 chambres - ter. 1 958 m²', '1 niveau', '1 salle de bain', '', None, None, None, None, None, None, None, None, None, None, None, None, None, None, None, None];['https://photo.superimmo.com/uc919q0mjqqv8lf2i59ayvnxnv6d', 'https://photo.superimmo.com/0g33862a5q0l1de2idq9elj5c7x1', 'https://photo.superimmo.com/tqlo9esdaq35oztjaqcnazsnnapt', 'https://photo.superimmo.com/t3tqt1j8bc50aigmalkamkpl9ywn', 'https://photo.superimmo.com/xpzluic0mycefg2jujhi56hvx4kh', None, None, None, None, None]
43;https://www.superimmo.com/annonces/achat-maison-95m-gastes-40160-xwawj0;349500;95;4;3;Gastes (40160);3679;12/07/2024;Cuisine ouverte;Chauffage individuel: pompe à chaleur;Honoraires à la charge de l'acquéreur : 4% TTC - 13 450 € TTC inclus dans le prix de vente - Prix hors honoraires : 336 050 €. Barème d’honoraires : https://media.immo-facile.com/segments/immo/catalog/images/manufacturers_bareme/163243.pdf;"Landes, 40160 GASTES. A vendre en exclusivité Maison récente T4 plain-pied de 96 m² environ sur 874 m² de terrain piscinable dans quartier proche lac et piste cyclable. Prix 349.500 euros HAI. Contact : Eric ESPOSITO à Biscarrosse au 06.11.15.34.03
Dans quartier résidentiel, cette jolie maison de 2020 en excellent état comprend de plain-pied : entrée avec placard, séjour avec cuisine ouverte équipée, cellier, dégagement, wc, 3 chambres dont une avec placard et salle d'eau, salle de bains-wc, garage. Chauffage PAC réversible air/air. Ballon thermodynamique. Terrasse bois de 80 m² exposée sud et sans vis-à-vis. Puits foré.
Terrain clos de 874 m² piscinable et avec résiduel constructible (emprise de 50 % autorisée) pour dépendances. Parking voitures ou bateau.
Pour tout renseignement et vous accompagner dans votre projet, contactez Eric ESPOSITO à Biscarrosse au 06.11.15.34.03.
Mandat Exclusif n° 373114. Honoraires d'agence réduits inclus de 4% TTC charge acquéreur soit 336.050 net vendeur. DPE : Classe A et GES : classe A - Montant moyen estimé des dépenses annuelles d'énergie de 285 euros. Le professionnel garantit et sécurise votre projet.
Cette présente annonce a été rédigée sous la responsabilité éditoriale de Éric ESPOSITO agissant sous le statut d'agent commercial immatriculé au RSAC MONT DE MARSAN 330547175 auprès de la SAS PROPRIETES PRIVEES, Réseau national immobilier, au capital de 40000 euros, 44 ALLÉE DES CINQ CONTINENTS - ZAC LE CHÊNE FERRÉ, 44120 VERTOU, RCS Nantes n° 487 624 777 00040, Carte professionnelle T et G n° CPI 4401 2016 000 010 388 CCI Nantes-Saint Nazaire. Garantie GALIAN - 89 rue de la Boétie, 75008 Paris (4.00 % honoraires TTC à la charge de l'acquéreur.)
Éric ESPOSITO (EI) Agent Commercial - Numéro RSAC : MONT DE MARSAN 330547175 - .
Afficher plus";"['95 m² - 4 pièces - 3 chambres - ter. 874 m²', '1 niveau', 'Garage', 'Année de construction : 2020', 'Chauffage individuel: pompe à chaleur', 'Cuisine ouverte', ""1 salle d'eau - 1 salle de bain"", '2 wc', 'Jardin privatif', '', None, None, None, None, None, None, None, None, None, None]";['https://photo.superimmo.com/dh9hmwef4rdx41w0fo029zggy9y1', 'https://photo.superimmo.com/v9fzjzrebv4ktamjr551bcge9c4k', 'https://photo.superimmo.com/50wtrk03hefc9hgin6wlpyheep49', 'https://photo.superimmo.com/394fsg4uveftmozfwe0da11im0pk', 'https://photo.superimmo.com/wia6ib1rgvr06h8fqfzrg1f9pwor', None, None, None, None, None]
44;https://www.superimmo.com/annonces/achat-maison-214m-biscarrosse-40600-xwawho;1100000;214;7;4;Biscarrosse (40600);5140;12/07/2024;Balcon;Terrasse;Honoraires à la charge de l'acquéreur : 4,76% TTC - 50 000 € TTC inclus dans le prix de vente - Prix hors honoraires : 1 050 000 €. Barème d’honoraires : https://media.immo-facile.com/segments/immo/catalog/images/manufacturers_bareme/256636.pdf;"40600 Biscarrosse - COUP DE COEUR -
Au CALME absolu, dans un environnement boisé et proche lac, venez découvrir cette MAGNIFIQUE MAISON FAMILIALE d'env. 214 m2 aux normes RT 2012 sur un terrain d'env. 2500 m2 !
Votre futur HAVRE DE PAIX construit en 2017, comprend une entrée, un VASTE salon/séjour/cuisine ouverte d'env. 85 m2, 4 chambres (1 au rdc d'env. 11,50 m2, et à l'étage 2 d'env. 15 m2 et une chambre parentale avec dressing et salle d'eau d'env. 25 m2), une salle de jeux, une salle d'eau au rdc et une salle de bains à l'étage, 2 wc ainsi qu'un cellier/buanderie.
Le bien bénéficie également d'un garage attenant d'env. 20 m2 (carrelé et isolé), d'une piscine maçonnée au sel 10x5 m avec volet immergé et terrasse en composite, d'une terrasse couverte d'env. 26 m2, d'une cuisine d'été aménagée d'env. 30 m2, d'un terrain de pétanque, de 2 abris de jardins,...
Autres prestations: domotique ++ (volets, alarme, lumières, caméra, aspirateur), portail électrique, visiophone/interphone, de grandes baies vitrées pour une maison très lumineuse, cumulus thermodynamique, chauffage poêle à granulés + radiateurs électrique à inertie, puit foré, etc...
A VISITER SANS TARDER !
Prix: 1100000 Euros HAI dont 4,76 % d'honoraires charge acquéreur.
Pour organiser une visite, veuillez contacter localement votre conseiller immobilier, Loïs LAMIREAU au 07.83.36.41.18 ou l.lamireau@proprietes- privees .com , agissant sous le statut d'agent commercial RSAC 844968 / RCS BORDEAUX 844 968 107 auprès de la SAS PROPRIETES-PRIVEES, 44 allée des Cinq continents ZAC Le Chêne Ferré Bât C 44140 Vertou.
Le professionnel vous conseille, garantit et sécurise votre projet immobilier. Mandat n° 346099
***Estimation gratuite de votre bien (maison, appartement, immeuble, terrain, . . .)*** (4.76 % honoraires TTC à la charge de l'acquéreur.)
Loïs LAMIREAU (EI) Agent Commercial - Numéro RSAC : BORDEAUX 844968107 - .
Afficher plus";"['214 m² - 7 pièces - 4 chambres - ter. 2 500 m²', '1 niveau', 'Piscine', 'Parking extérieur', 'Balcon', 'Terrasse', 'Année de construction : 2017', 'Chauffage individuel', 'Cuisine ouverte', ""2 salles d'eau - 1 salle de bain"", '2 wc', 'Jardin privatif', None, None, None, None, None, None, None, None]";['https://photo.superimmo.com/0ewih2isqlhekk7k3agy2sutcaro', 'https://photo.superimmo.com/q5w6gfjgb6hyvsongckbqac4tu5p', 'https://photo.superimmo.com/jx1njxpmqbl3jgfquv4ew2xee70e', 'https://photo.superimmo.com/1ancma62yuhsegnfujzrs9ydpp0j', 'https://photo.superimmo.com/6462wbkdcrp98sbrvze15rd2zp9a', None, None, None, None, None]
